原始路径,所属集合,错误原因,处理动作
D:\BaiduNetdiskDownload\train\daisy\11694430126_056ffea63c_n.png,train,verify失败: UnidentifiedImageError: cannot identify image file 'D:\\BaiduNetdiskDownload\\train\\daisy\\11694430126_056ffea63c_n.png',已移动到 D:\ML.2\data\quarantine\daisy\11694430126_056ffea63c_n.png
D:\BaiduNetdiskDownload\train\daisy\34694430126_056ffea63c_n.png,train,verify失败: UnidentifiedImageError: cannot identify image file 'D:\\BaiduNetdiskDownload\\train\\daisy\\34694430126_056ffea63c_n.png',已移动到 D:\ML.2\data\quarantine\daisy\34694430126_056ffea63c_n.png
D:\BaiduNetdiskDownload\train\dandelion\1069454126_056ffea63c_n.png,train,verify失败: UnidentifiedImageError: cannot identify image file 'D:\\BaiduNetdiskDownload\\train\\dandelion\\1069454126_056ffea63c_n.png',已移动到 D:\ML.2\data\quarantine\dandelion\1069454126_056ffea63c_n.png
D:\BaiduNetdiskDownload\train\dandelion\20694430126_056ffea63c_n.png,train,verify失败: UnidentifiedImageError: cannot identify image file 'D:\\BaiduNetdiskDownload\\train\\dandelion\\20694430126_056ffea63c_n.png',已移动到 D:\ML.2\data\quarantine\dandelion\20694430126_056ffea63c_n.png
D:\BaiduNetdiskDownload\train\dandelion\31658430126_056ffea63c_n.jpg,train,verify失败: UnidentifiedImageError: cannot identify image file 'D:\\BaiduNetdiskDownload\\train\\dandelion\\31658430126_056ffea63c_n.jpg',已移动到 D:\ML.2\data\quarantine\dandelion\31658430126_056ffea63c_n.jpg
D:\BaiduNetdiskDownload\train\rose\13658454126_056ffea63c_n.jpg,train,verify失败: UnidentifiedImageError: cannot identify image file 'D:\\BaiduNetdiskDownload\\train\\rose\\13658454126_056ffea63c_n.jpg',已移动到 D:\ML.2\data\quarantine\rose\13658454126_056ffea63c_n.jpg
D:\BaiduNetdiskDownload\train\rose\31658430126_056ffea63c_n.jpg,train,verify失败: UnidentifiedImageError: cannot identify image file 'D:\\BaiduNetdiskDownload\\train\\rose\\31658430126_056ffea63c_n.jpg',已移动到 D:\ML.2\data\quarantine\rose\31658430126_056ffea63c_n.jpg
D:\BaiduNetdiskDownload\train\sunflower\1214997_8576bf4ea3.png,train,verify失败: UnidentifiedImageError: cannot identify image file 'D:\\BaiduNetdiskDownload\\train\\sunflower\\1214997_8576bf4ea3.png',已移动到 D:\ML.2\data\quarantine\sunflower\1214997_8576bf4ea3.png
D:\BaiduNetdiskDownload\train\sunflower\6314997_8576bf4ea3.png,train,verify失败: UnidentifiedImageError: cannot identify image file 'D:\\BaiduNetdiskDownload\\train\\sunflower\\6314997_8576bf4ea3.png',已移动到 D:\ML.2\data\quarantine\sunflower\6314997_8576bf4ea3.png
D:\BaiduNetdiskDownload\train\sunflower\6514952_8576bf4ea3.png,train,verify失败: UnidentifiedImageError: cannot identify image file 'D:\\BaiduNetdiskDownload\\train\\sunflower\\6514952_8576bf4ea3.png',已移动到 D:\ML.2\data\quarantine\sunflower\6514952_8576bf4ea3.png
D:\BaiduNetdiskDownload\train\tulip\2098797_8576bf4ea3.png,train,verify失败: UnidentifiedImageError: cannot identify image file 'D:\\BaiduNetdiskDownload\\train\\tulip\\2098797_8576bf4ea3.png',已移动到 D:\ML.2\data\quarantine\tulip\2098797_8576bf4ea3.png
D:\BaiduNetdiskDownload\train\tulip\21214940_8576bf4ea3.png,train,verify失败: UnidentifiedImageError: cannot identify image file 'D:\\BaiduNetdiskDownload\\train\\tulip\\21214940_8576bf4ea3.png',已移动到 D:\ML.2\data\quarantine\tulip\21214940_8576bf4ea3.png
D:\BaiduNetdiskDownload\train\tulip\4414997_8576bf4ea3.png,train,verify失败: UnidentifiedImageError: cannot identify image file 'D:\\BaiduNetdiskDownload\\train\\tulip\\4414997_8576bf4ea3.png',已移动到 D:\ML.2\data\quarantine\tulip\4414997_8576bf4ea3.png
